raw,canonical
Amaretti,Amaretti
Ananas,Ananas
Anis,Anis
Antipasti,Antipasti
Aperitifweinen,Aperitifweinen
Apfel,Apfel
Apfeldesserts,Apfeldesserts
Apfelkompott,Apfelkompott
Aprikose,Aprikose
Aprikosen,Aprikosen
Asafoetida,Asafoetida
Aubergine,Aubergine
Auberginen,Auberginen
Austernsauce,Austernsauce
Avocado,Avocado
Baiser,Baiser
Balsamico,Balsamico
Banane,Banane
Basilikum,Basilikum
Beeren,Beere
Beerenkompott,Beerenkompott
Beifuß,Beifuß
Bergamotte,Bergamotte
Birne,Birne
Birnen,Birne
Bitterkräutermischungen,Bitterkräutermischungen
Bitterlikören,Bitterlikören
Blattsalat,Blattsalat
Blattsalate,Blattsalate
Blauschimmelkäse,Blauschimmelkäse
Blumenkohl,Blumenkohl
Blüten als Dekor,Blüten als Dekor
Blütenbutter,Blütenbutter
Blütenknospen in Essig,Blütenknospen in Essig
Blütenmischungen,Blütenmischungen
Blütenzucker,Blütenzucker
Bohnen,Bohnen
Bohnenkraut,Bohnenkraut
Borretsch,Borretsch
Bowle,Bowle
Brot,Brot
Brotaufstriche,Brotaufstriche
Brühe,Brühe
Brühen,Brühen
Butter,Butter
Butterbrot,Butterbrot
Béchamel,Béchamel
Camembert,Camembert
Cassis,Cassis
Chili,Chili
Chutneys,Chutneys
Couscous,Couscous
Croutons,Croutons
Curry,Curry
Curryblatt,Curryblatt
Currygerichte,Currygerichte
Currys,Curry
Dal,Dal
Dekoration,Dekoration
Desserts,Dessert
Dill,Dill
Dressings,Dressings
Ei,Ei
Eier,Ei
Eintöpfe,Eintöpfe
Ente,Ente
Entenbraten,Entenbraten
Epazote,Epazote
Erbse,Erbse
Erbsen,Erbsen
Erdbeere,Erdbeere
Erdbeeren,Erdbeeren
Erdnuss,Erdnuss
Erdnussbutter,Erdnussbutter
Essig,Essig
Estragon,Estragon
Fenchel,Fenchel
Feta,Feta
Fisch,Fisch
Fischsauce,Fischsauce
Fischsuppen,Fischsuppen
Fladenbrot,Fladenbrot
Fleisch,Fleisch
Focaccia,Focaccia
Frischkäse,Frischkäse
Fruchtsalate,Fruchtsalate
Frühlingssuppen,Frühlingssuppen
Frühlingszwiebel,Frühlingszwiebel
Gans,Gans
Garnelen,Garnelen
Gebäck,Gebäck
Geflügel,Geflügel
Gelee,Gelee
Gemüse,Gemüse
Gemüsebrühen,Gemüsebrühen
Gemüsefüllungen,Gemüsefüllungen
Gemüsepfannen,Gemüsepfannen
Getreide,Getreide
Gewürzkuchen,Gewürzkuchen
Gnocchi,Gnocchi
Gochugaru,Gochugaru
Gorgonzola,Gorgonzola
Granatapfel,Granatapfel
Grillmarinaden,Grillmarinaden
Grüner Tee,Grüner Tee
Gurke,Gurke
Gurken,Gurken
Gurkensalat,Gurkensalat
Hafer,Hafer
Haselnuss,Haselnuss
Haselnüsse,Haselnüsse
Hefeteig,Hefeteig
Hibiskus,Hibiskus
Himbeere,Himbeere
Himbeeren,Himbeeren
Holunderblüte,Holunderblüte
Holunderblüten-Sirup,Holunderblüten-Sirup
Honig,Honig
Huhn,Huhn
Hustenbonbons,Hustenbonbons
Hülsenfrüchte,Hülsenfrüchte
Ingwer,Ingwer
Joghurt,Joghurt
Kaffee,Kaffee
Kaffernlimette,Kaffernlimette
Kaffirlimette,Kaffirlimette
Kapern,Kapern
Karamell,Karamell
Kardamom,Kardamom
Karotte,Karotte
Karotten,Karotten
Kartoffelgerichte,Kartoffelgerichte
Kartoffeln,Kartoffel
Kartoffelpüree,Kartoffelpüree
Kartoffelsalat,Kartoffelsalat
Kerbel,Kerbel
Kichererbsen,Kichererbsen
Kimchi,Kimchi
Kirschwasser,Kirschwasser
Klebreis,Klebreis
Knoblauch,Knoblauch
Knospen in Essig,Knospen in Essig
Kohl,Kohl
Kohlgerichte,Kohlgerichte
Kokos,Kokos
Kokosmilch,Kokosmilch
Kompott,Kompott
Koriander,Koriander
Kresse,Kresse
Kreuzkümmel,Kreuzkümmel
Kräuterbutter,Kräuterbutter
Kräuterdressing,Kräuterdressing
Kräuteressig,Kräuteressig
Kräuterfüllungen,Kräuterfüllungen
Kräutermischungen,Kräutermischungen
Kräuterquark,Kräuterquark
Kräutertee,Kräutertee
Kräuterteemischungen,Kräuterteemischungen
Kräuteröl,Kräuteröl
Kurkuma,Kurkuma
Käse,Käse
Kümmel,Kümmel
Kürbis,Kürbis
Lachs,Lachs
Lamm,Lamm
Lauch,Lauch
Lavendel,Lavendel
Liebstöckel,Liebstöckel
Limette,Limette
Linsen,Linse
Lorbeer,Lorbeer
Mais,Mais
Maisteig,Maisteig
Majoran,Majoran
Makrele,Makrele
Mandel,Mandel
Mandeln,Mandeln
Mango,Mango
Marmelade,Marmelade
Maronen,Maronen
Meerrettich,Meerrettich
Milch,Milch
Milchdesserts,Milchdesserts
Milchreis,Milchreis
Milchspeisen,Milchspeisen
Minze,Minze
Miso,Miso
Mohn,Mohn
Mole,Mole
Mozzarella,Mozzarella
Muscheln,Muscheln
Muskat,Muskat
Möhre,Möhre
Möhren,Möhre
Mürbegebäck,Mürbegebäck
Nelke,Nelke
Nudeln,Nudeln
Nudelsuppen,Nudelsuppen
Nüsse,Nuss
Obst,Obst
Obstsalat,Obstsalat
Olive,Olive
Oliven,Oliven
Olivenöl,Olivenöl
Omeletts,Omeletts
Orange,Orange
Orecchiette,Orecchiette
Oregano,Oregano
Pak Choi,Pak Choi
Palmzucker,Palmzucker
Palmöl,Palmöl
Papalo,Papalo
Paprika,Paprika
Parmesan,Parmesan
Pasta,Pasta
Pecorino,Pecorino
Pesto,Pesto
Petersilie,Petersilie
Pfannengerichte,Pfannengerichte
Pfannkuchen,Pfannkuchen
Pfannkuchenfüllungen,Pfannkuchenfüllungen
Pfeffer,Pfeffer
Pfirsich,Pfirsich
Pfirsiche,Pfirsiche
Pflaume,Pflaume
Pflaumen,Pflaumen
Pickles,Pickles
Pilze,Pilz
Pilzgerichten,Pilzgerichten
Piment,Piment
Pinienkerne,Pinienkerne
Pistazie,Pistazie
Pistazien,Pistazien
Pizza,Pizza
Prosciutto,Prosciutto
Quark,Quark
Quarkdesserts,Quarkdesserts
Quesadillas,Quesadillas
Quiche,Quiche
Quiches,Quiches
Radieschen,Radieschen
Reis,Reis
Reisessig,Reisessig
Reisgerichte,Reisgerichte
Reisnudeln,Reisnudeln
Rettich,Rettich
Rhabarber,Rhabarber
Rind,Rind
Rindfleisch,Rindfleisch
Risotto,Risotto
Rose,Rose
Rosenkohl,Rosenkohl
Rosenwasser-Desserts,Rosenwasser-Desserts
Rosinen,Rosinen
Rosmarin,Rosmarin
Rote Bete,Rote Bete
Rotkohl,Rotkohl
Rotwein,Rotwein
Safran,Safran
Sahne,Sahne
Salat,Salat
Salate,Salat
Salbei,Salbei
Salsiccia,Salsiccia
Salz,Salz
Samen als Gewürz,Samen als Gewürz
Sandwiches,Sandwiches
Sardelle,Sardelle
Sardellen,Sardellen
Sashimi,Sashimi
Sauerampfer,Sauerampfer
Sauerrahm,Sauerrahm
Schalotte,Schalotte
Schinken,Schinken
Schmorgerichte,Schmorgerichte
Schnittlauch,Schnittlauch
Schokolade,Schokolade
Schwarze Bohnen,Schwarze Bohnen
Schwein,Schwein
Schweinefleisch,Schweinefleisch
Sekt,Sekt
Sellerie,Sellerie
Senf,Senf
Senfdressing,Senfdressing
Senfsaat,Senfsaat
Sesam,Sesam
Sirup,Sirup
Sojasauce,Sojasauce
Sommerdesserts,Sommerdesserts
Sommergemüse,Sommergemüse
Spargel,Spargel
Speck,Speck
Spinat,Spinat
Spinatgerichte,Spinatgerichte
Steinobst,Steinobst
Sternanis,Sternanis
Suppen,Suppe
Suppengemüse,Suppengemüse
Sushi,Sushi
Süßspeisen,Süßspeisen
Tacos,Tacos
Tahin,Tahin
Tamarinde,Tamarinde
Tee,Tee
Thai-Basilikum,Thai-Basilikum
Thymian,Thymian
Tofu,Tofu
Tomate,Tomate
Tomaten,Tomate
Tomatensalsa,Tomatensalsa
Tomatensauce,Tomatensauce
Tomatensaucen,Tomatensaucen
Tomatillo,Tomatillo
Trüffel,Trüffel
Vanille,Vanille
Waldmeister,Waldmeister
Walnuss,Walnuss
Wein,Wein
Weiße Bohnen,Weiße Bohnen
Weißwein,Weißwein
Wild,Wild
Wildfruchtgelee,Wildfruchtgelee
Wildgeflügel,Wildgeflügel
Wildgerichte,Wildgerichte
Wildkräuterfüllungen,Wildkräuterfüllungen
Wildkräutergerichte,Wildkräutergerichte
Wildkräuterküche,Wildkräuterküche
Wildkräutermischungen,Wildkräutermischungen
Wildkräutersalat,Wildkräutersalat
Wildkräutersalate,Wildkräutersalate
Wildkräutersuppen,Wildkräutersuppen
Wokgemüse,Wokgemüse
Wurst,Wurst
Wurzelgemüse,Wurzelgemüse
Ysop,Ysop
Ziegenkäse,Ziegenkäse
Zimt,Zimt
Zitrone,Zitrone
Zitronencreme,Zitronencreme
Zitronendesserts,Zitronendesserts
Zitronengetränke,Zitronengetränke
Zitronengras,Zitronengras
Zitronenmelisse,Zitronenmelisse
Zitronenverbene,Zitronenverbene
Zitrus,Zitrus
Zitrusdesserts,Zitrusdesserts
Zitrusfrüchte,Zitrusfrüchte
Zucchini,Zucchini
Zucker,Zucker
Zwetschge,Zwetschge
Zwetschgen,Zwetschgen
Zwiebel,Zwiebel
asiatische Pickles,asiatische Pickles
essbare Blütendekoration,essbare Blütendekoration
fetten Fleischgerichten nur sehr sparsam,fetten Fleischgerichten nur sehr sparsam
gedünstetes Gemüse,gedünstetes Gemüse
grüne Smoothies,grüne Smoothies
kandierte Blüten,kandierte Blüten
mediterrane Kräutermischungen,mediterrane Kräutermischungen
mediterranes Gemüse,mediterranes Gemüse
rote Zwiebel,rote Zwiebel
schwarze Bohnen,schwarze Bohnen
sommerliche Desserts,sommerliche Desserts
Äpfel,Apfel
